atomic_number,charge,econf,coordination,spin,crystal_radius,ionic_radius,origin,most_reliable
"89","3",6p6,VI,,126,112,"from r^3 vs V plots, ","0"
"47","1","4d10",II,,81,67,,"0"
"47","1","4d10",IV,,114,100,"calculated, ","0"
"47","1","4d10",IVSQ,,116,102,,"0"
"47","1","4d10",V,,123,109,"calculated, ","0"
"47","1","4d10",VI,,129,115,"calculated, ","0"
"47","1","4d10",VII,,136,122,,"0"
"47","1","4d10",VIII,,142,128,,"0"
"47","2","4d9",IVSQ,,93,79,,"0"
"47","2","4d9",VI,,108,94,,"0"
"47","3","4d8",IVSQ,,81,67,,"0"
"47","3","4d8",VI,,89,75,"from r^3 vs V plots, ","0"
"13","3",2p6,IV,,53,39,,"1"
"13","3",2p6,V,,62,48,,"0"
"13","3",2p6,VI,,67.5,53.5,"from r^3 vs V plots, ","1"
"95","2",5f7,VII,,135,121,,"0"
"95","2",5f7,VIII,,140,126,,"0"
"95","2",5f7,IX,,145,131,,"0"
"95","3",5f6,VI,,111.5,97.5,"from r^3 vs V plots, ","0"
"95","3",5f6,VIII,,123,109,,"0"
"95","4",5f5,VI,,99,85,"from r^3 vs V plots, ","0"
"95","4",5f5,VIII,,109,95,,"0"
"33","3",4s2,VI,,72,58,"Ahrens (1952) ionic radius, ","0"
"33","5","3d10",IV,,47.5,33.5,"from r^3 vs V plots, ","1"
"33","5","3d10",VI,,60,46,"calculated, ","1"
"85","7","5d10",VI,,76,62,"Ahrens (1952) ionic radius, ","0"
"79","1","5d10",VI,,151,137,"Ahrens (1952) ionic radius, ","0"
"79","3","5d8",IVSQ,,82,68,,"0"
"79","3","5d8",VI,,99,85,"Ahrens (1952) ionic radius, ","0"
"79","5","5d6",VI,,71,57,,"0"
"5","3",1s2,III,,15,1,,"1"
"5","3",1s2,IV,,25,11,,"1"
"5","3",1s2,VI,,41,27,"calculated, ","0"
"56","2",5p6,VI,,149,135,,"0"
"56","2",5p6,VII,,152,138,"calculated, ","0"
"56","2",5p6,VIII,,156,142,,"0"
"56","2",5p6,IX,,161,147,,"0"
"56","2",5p6,X,,166,152,,"0"
"56","2",5p6,XI,,171,157,,"0"
"56","2",5p6,XII,,175,161,"calculated, ","0"
"4","2",1s2,III,,30,16,,"0"
"4","2",1s2,IV,,41,27,,"1"
"4","2",1s2,VI,,59,45,"calculated, ","0"
"83","3",6s2,V,,110,96,"calculated, ","0"
"83","3",6s2,VI,,117,103,"from r^3 vs V plots, ","1"
"83","3",6s2,VIII,,131,117,"from r^3 vs V plots, ","0"
"83","5","5d10",VI,,90,76,"estimated, ","0"
"97","3",5f8,VI,,110,96,"from r^3 vs V plots, ","0"
"97","4",5f7,VI,,97,83,"from r^3 vs V plots, ","0"
"97","4",5f7,VIII,,107,93,"from r^3 vs V plots, ","0"
"35","-1",4p6,VI,,182,196,"Pauling's (1960) crystal radius, ","0"
"35","3",4p2,IVSQ,,73,59,,"0"
"35","5",4s2,IIIPY,,45,31,,"0"
"35","7","3d10",IV,,39,25,,"0"
"35","7","3d10",VI,,53,39,"Ahrens (1952) ionic radius, ","0"
"6","4",1s2,III,,6,-8,,"0"
"6","4",1s2,IV,,29,15,"Pauling's (1960) crystal radius, ","0"
"6","4",1s2,VI,,30,16,"Ahrens (1952) ionic radius, ","0"
"20","2",3p6,VI,,114,100,,"0"
"20","2",3p6,VII,,120,106,,"1"
"20","2",3p6,VIII,,126,112,,"1"
"20","2",3p6,IX,,132,118,,"0"
"20","2",3p6,X,,137,123,"calculated, ","0"
"20","2",3p6,XII,,148,134,"calculated, ","0"
"48","2","4d10",IV,,92,78,,"0"
"48","2","4d10",V,,101,87,,"0"
"48","2","4d10",VI,,109,95,,"0"
"48","2","4d10",VII,,117,103,"calculated, ","0"
"48","2","4d10",VIII,,124,110,"calculated, ","0"
"48","2","4d10",XII,,145,131,,"0"
"58","3",6s1,VI,,115,101,"from r^3 vs V plots, ","0"
"58","3",6s1,VII,,121,107,"estimated, ","0"
"58","3",6s1,VIII,,128.3,114.3,"from r^3 vs V plots, ","0"
"58","3",6s1,IX,,133.6,119.6,"from r^3 vs V plots, ","0"
"58","3",6s1,X,,139,125,,"0"
"58","3",6s1,XII,,148,134,"calculated, ","0"
"58","4",5p6,VI,,101,87,"from r^3 vs V plots, ","0"
"58","4",5p6,VIII,,111,97,"from r^3 vs V plots, ","0"
"58","4",5p6,X,,121,97,"from r^3 vs V plots, ","0"
"58","4",5p6,XII,,128,114,,"0"
"98","3","6d1",VI,,109,95,"from r^3 vs V plots, ","0"
"98","4",5f8,VI,,96.1,82.1,"from r^3 vs V plots, ","0"
"98","4",5f8,VIII,,106,92,,"0"
"17","-1",3p6,VI,,167,181,"Pauling's (1960) crystal radius, ","0"
"17","5",3s2,IIIPY,,26,12,,"0"
"17","7",2p6,IV,,22,8,,"1"
"17","7",2p6,VI,,41,27,"Ahrens (1952) ionic radius, ","0"
"96","3",5f7,VI,,111,97,"from r^3 vs V plots, ","0"
"96","4",5f6,VI,,99,85,"from r^3 vs V plots, ","0"
"96","4",5f6,VIII,,109,95,"from r^3 vs V plots, ","0"
"27","2","3d7",IV,HS,72,58,,"0"
"27","2","3d7",V,,81,67,"calculated, ","0"
"27","2","3d7",VI,LS,79,65,"from r^3 vs V plots, ","0"
"27","2","3d7",VI,HS,88.5,74.5,"from r^3 vs V plots, ","1"
"27","2","3d7",VIII,,104,90,,"0"
"27","3","3d6",VI,LS,68.5,54.5,"from r^3 vs V plots, ","1"
"27","3","3d6",VI,HS,75,61,,"0"
"27","4","3d5",IV,,54,40,,"0"
"27","4","3d5",VI,HS,67,53,"from r^3 vs V plots, ","0"
"24","2","3d4",VI,LS,87,73,"estimated, ","0"
"24","2","3d4",VI,HS,94,80,"from r^3 vs V plots, ","0"
"24","3","3d3",VI,,75.5,61.5,"from r^3 vs V plots, ","1"
"24","4","3d2",IV,,55,41,,"0"
"24","4","3d2",VI,,69,55,"from r^3 vs V plots, ","0"
"24","5","3d1",IV,,48.5,34.5,"from r^3 vs V plots, ","0"
"24","5","3d1",VI,,63,49,"estimated, from r^3 vs V plots, ","0"
"24","5","3d1",VIII,,71,57,,"0"
"24","6",3p6,IV,,40,26,,"0"
"24","6",3p6,VI,,58,44,"calculated, ","0"
"55","1",5p6,VI,,181,167,,"0"
"55","1",5p6,VIII,,188,174,,"0"
"55","1",5p6,IX,,192,178,,"0"
"55","1",5p6,X,,195,181,,"0"
"55","1",5p6,XI,,199,185,,"0"
"55","1",5p6,XII,,202,188,,"0"
"29","1","3d10",II,,60,46,,"0"
"29","1","3d10",IV,,74,60,"estimated, ","0"
"29","1","3d10",VI,,91,77,"estimated, ","0"
"29","2","3d9",IV,,71,57,,"0"
"29","2","3d9",IVSQ,,71,57,,"1"
"29","2","3d9",V,,79,65,,"1"
"29","2","3d9",VI,,87,73,,"0"
"29","3","3d8",VI,LS,60,54,,"0"
"66","2",4f10,VI,,121,107,,"0"
"66","2",4f10,VII,,127,113,,"0"
"66","2",4f10,VIII,,133,119,,"0"
"66","3",4f9,VI,,105.2,91.2,"from r^3 vs V plots, ","0"
"66","3",4f9,VII,,111,97,,"0"
"66","3",4f9,VIII,,116.7,102.7,"from r^3 vs V plots, ","0"
"66","3",4f9,IX,,122.3,108.3,"from r^3 vs V plots, ","0"
"68","3",4f11,VI,,103,89,"from r^3 vs V plots, ","0"
"68","3",4f11,VII,,108.5,94.5,,"0"
"68","3",4f11,VIII,,114.4,100.4,"from r^3 vs V plots, ","0"
"68","3",4f11,IX,,120.2,106.2,"from r^3 vs V plots, ","0"
"63","2",4f7,VI,,131,117,,"0"
"63","2",4f7,VII,,134,120,,"0"
"63","2",4f7,VIII,,139,125,,"0"
"63","2",4f7,IX,,144,130,,"0"
"63","2",4f7,X,,149,135,,"0"
"63","3",4f6,VI,,108.7,94.7,"from r^3 vs V plots, ","0"
"63","3",4f6,VII,,115,101,,"0"
"63","3",4f6,VIII,,120.6,106.6,"from r^3 vs V plots, ","0"
"63","3",4f6,IX,,126,112,"from r^3 vs V plots, ","0"
"9","-1",2p6,II,,114.5,128.5,,"0"
"9","-1",2p6,III,,116,130,,"0"
"9","-1",2p6,IV,,117,131,,"0"
"9","-1",2p6,VI,,119,133,,"0"
"9","7",1s2,VI,,22,8,"Ahrens (1952) ionic radius, ","0"
"26","2","3d6",IV,HS,77,63,,"0"
"26","2","3d6",IVSQ,HS,78,64,,"0"
"26","2","3d6",VI,LS,75,61,"estimated, ","0"
"26","2","3d6",VI,HS,92,78,"from r^3 vs V plots, ","1"
"26","2","3d6",VIII,HS,106,92,"calculated, ","0"
"26","3","3d5",IV,HS,63,49,,"1"
"26","3","3d5",V,,72,58,,"0"
"26","3","3d5",VI,LS,69,55,"from r^3 vs V plots, ","0"
"26","3","3d5",VI,HS,78.5,64.5,"from r^3 vs V plots, ","1"
"26","3","3d5",VIII,HS,92,78,,"0"
"26","4","3d4",VI,,72.5,58.5,"from r^3 vs V plots, ","0"
"26","6","3d2",IV,,39,25,"from r^3 vs V plots, ","0"
"87","1",6p6,VI,,194,180,"Ahrens (1952) ionic radius, ","0"
"31","3","3d10",IV,,61,47,,"1"
"31","3","3d10",V,,69,55,,"0"
"31","3","3d10",VI,,76,62,"from r^3 vs V plots, ","1"
"64","3",4f7,VI,,107.8,93.8,"from r^3 vs V plots, ","0"
"64","3",4f7,VII,,114,100,,"0"
"64","3",4f7,VIII,,119.3,105.3,"from r^3 vs V plots, ","0"
"64","3",4f7,IX,,124.7,110.7,"from r^3 vs V plots, calculated, ","0"
"32","2",4s2,VI,,87,73,"Ahrens (1952) ionic radius, ","0"
"32","4","3d10",IV,,53,39,,"1"
"32","4","3d10",VI,,67,53,"from r^3 vs V plots, ","1"
"1","1",1s0,I,,-24,-38,,"0"
"1","1",1s0,II,,-4,-18,,"0"
"72","4",4f14,IV,,72,58,"from r^3 vs V plots, ","0"
"72","4",4f14,VI,,85,71,"from r^3 vs V plots, ","0"
"72","4",4f14,VII,,90,76,,"0"
"72","4",4f14,VIII,,97,83,,"0"
"80","1",6s1,III,,111,97,,"0"
"80","1",6s1,VI,,133,119,,"0"
"80","2","5d10",II,,83,69,,"0"
"80","2","5d10",IV,,110,96,,"0"
"80","2","5d10",VI,,116,102,,"0"
"80","2","5d10",VIII,,128,114,"from r^3 vs V plots, ","0"
"67","3",4f10,VI,,104.1,90.1,"from r^3 vs V plots, ","0"
"67","3",4f10,VIII,,115.5,101.5,"from r^3 vs V plots, ","0"
"67","3",4f10,IX,,121.2,107.2,"from r^3 vs V plots, ","0"
"67","3",4f10,X,,126,112,,"0"
"53","-1",5p6,VI,,206,220,"Ahrens (1952) ionic radius, ","0"
"53","5",5s2,IIIPY,,58,44,,"1"
"53","5",5s2,VI,,109,95,,"0"
"53","7","4d10",IV,,56,42,,"0"
"53","7","4d10",VI,,67,53,,"0"
"49","3","4d10",IV,,76,62,,"0"
"49","3","4d10",VI,,94,80,"from r^3 vs V plots, ","1"
"49","3","4d10",VIII,,106,92,"from r^3 vs V plots, calculated, ","0"
"77","3","5d6",VI,,82,68,"estimated, ","0"
"77","4","5d5",VI,,76.5,62.5,"from r^3 vs V plots, ","0"
"77","5","5d4",VI,,71,57,"estimated, from metallic oxides, ","0"
"19","1",3p6,IV,,151,137,,"0"
"19","1",3p6,VI,,152,138,,"0"
"19","1",3p6,VII,,160,146,,"0"
"19","1",3p6,VIII,,165,151,,"0"
"19","1",3p6,IX,,169,155,,"0"
"19","1",3p6,X,,173,159,,"0"
"19","1",3p6,XII,,178,164,,"0"
"57","3","4d10",VI,,117.2,103.2,"from r^3 vs V plots, ","0"
"57","3","4d10",VII,,124,110,,"0"
"57","3","4d10",VIII,,130,116,"from r^3 vs V plots, ","0"
"57","3","4d10",IX,,135.6,121.6,"from r^3 vs V plots, ","0"
"57","3","4d10",X,,141,127,,"0"
"57","3","4d10",XII,,150,136,"calculated, ","0"
"3","1",1s2,IV,,73,59,,"1"
"3","1",1s2,VI,,90,76,,"1"
"3","1",1s2,VIII,,106,92,"calculated, ","0"
"71","3",4f14,VI,,100.1,86.1,"from r^3 vs V plots, ","0"
"71","3",4f14,VIII,,111.7,97.7,"from r^3 vs V plots, ","0"
"71","3",4f14,IX,,117.2,103.2,"from r^3 vs V plots, ","0"
"12","2",2p6,IV,,71,57,,"0"
"12","2",2p6,V,,80,66,,"0"
"12","2",2p6,VI,,86,72,,"1"
"12","2",2p6,VIII,,103,89,"calculated, ","0"
"25","2","3d5",IV,HS,80,66,,"0"
"25","2","3d5",V,HS,89,75,"calculated, ","0"
"25","2","3d5",VI,LS,81,67,"estimated, ","0"
"25","2","3d5",VI,HS,97,83,"from r^3 vs V plots, ","1"
"25","2","3d5",VII,HS,104,90,"calculated, ","0"
"25","2","3d5",VIII,,110,96,"from r^3 vs V plots, ","0"
"25","3","3d4",V,,72,58,,"0"
"25","3","3d4",VI,LS,72,58,"from r^3 vs V plots, ","0"
"25","3","3d4",VI,HS,78.5,64.5,"from r^3 vs V plots, ","1"
"25","4","3d3",IV,,53,39,"from r^3 vs V plots, ","0"
"25","4","3d3",VI,,67,53,"from r^3 vs V plots, ","1"
"25","5","3d2",IV,,47,33,"from r^3 vs V plots, ","0"
"25","6","3d1",IV,,39.5,25.5,,"0"
"25","7",3p6,IV,,39,25,,"0"
"25","7",3p6,VI,,60,46,"Ahrens (1952) ionic radius, ","0"
"42","3","4d3",VI,,83,69,"estimated, ","0"
"42","4","4d2",VI,,79,65,"from r^3 vs V plots, from metallic oxides, ","0"
"42","5","4d1",IV,,60,46,"from r^3 vs V plots, ","0"
"42","5","4d1",VI,,75,61,"from r^3 vs V plots, ","0"
"42","6",4p6,IV,,55,41,"from r^3 vs V plots, ","1"
"42","6",4p6,V,,64,50,,"0"
"42","6",4p6,VI,,73,59,"from r^3 vs V plots, ","1"
"42","6",4p6,VII,,87,73,,"0"
"7","-3",2p6,IV,,132,146,,"0"
"7","3",2s2,VI,,30,16,"Ahrens (1952) ionic radius, ","0"
"7","5",1s2,III,,4.4,-10.4,,"0"
"7","5",1s2,VI,,27,13,"Ahrens (1952) ionic radius, ","0"
"11","1",2p6,IV,,113,99,,"0"
"11","1",2p6,V,,114,100,,"0"
"11","1",2p6,VI,,116,102,,"0"
"11","1",2p6,VII,,126,112,,"0"
"11","1",2p6,VIII,,132,118,,"0"
"11","1",2p6,IX,,138,124,"calculated, ","0"
"11","1",2p6,XII,,153,139,,"0"
"41","3","4d2",VI,,86,72,,"0"
"41","4","4d1",VI,,82,68,"from r^3 vs V plots, estimated, ","0"
"41","4","4d1",VIII,,93,79,,"0"
"41","5",4p6,IV,,62,48,"calculated, ","0"
"41","5",4p6,VI,,78,64,,"0"
"41","5",4p6,VII,,83,69,"calculated, ","0"
"41","5",4p6,VIII,,88,74,,"0"
"60","2",4f4,VIII,,143,129,,"0"
"60","2",4f4,IX,,149,135,,"0"
"60","3",4f3,VI,,112.3,98.3,"from r^3 vs V plots, ","0"
"60","3",4f3,VIII,,124.9,110.9,"from r^3 vs V plots, ","1"
"60","3",4f3,IX,,130.3,116.3,"from r^3 vs V plots, ","0"
"60","3",4f3,XII,,141,127,"estimated, ","0"
"28","2","3d8",IV,,69,55,,"0"
"28","2","3d8",IVSQ,,63,49,,"0"
"28","2","3d8",V,,77,63,"estimated, ","0"
"28","2","3d8",VI,,83,69,"from r^3 vs V plots, ","1"
"28","3","3d7",VI,LS,70,56,"from r^3 vs V plots, ","1"
"28","3","3d7",VI,HS,74,60,"estimated, ","0"
"28","4","3d6",VI,LS,62,48,"from r^3 vs V plots, ","0"
"102","2",5f14,VI,,124,110,"estimated, ","0"
"93","2",5f5,VI,,124,110,,"0"
"93","3",5f4,VI,,115,101,"from r^3 vs V plots, ","0"
"93","4",5f3,VI,,101,87,"from r^3 vs V plots, ","0"
"93","4",5f3,VIII,,112,98,"from r^3 vs V plots, ","0"
"93","5",5f2,VI,,89,75,,"0"
"93","6",5f1,VI,,86,72,"from r^3 vs V plots, ","0"
"93","7",6p6,VI,,85,71,"Ahrens (1952) ionic radius, ","0"
"8","-2",2p6,II,,121,135,,"0"
"8","-2",2p6,III,,122,136,,"0"
"8","-2",2p6,IV,,124,138,,"0"
"8","-2",2p6,VI,,126,140,,"0"
"8","-2",2p6,VIII,,128,142,,"0"
"76","4","5d4",VI,,77,63,"from r^3 vs V plots, from metallic oxides, ","0"
"76","5","5d3",VI,,71.5,57.5,"estimated, ","0"
"76","6","5d2",V,,63,49,,"0"
"76","6","5d2",VI,,68.5,54.5,"estimated, ","0"
"76","7","5d1",VI,,66.5,52.5,"estimated, ","0"
"76","8",5p6,IV,,53,39,,"0"
"15","3",3s2,VI,,58,44,"Ahrens (1952) ionic radius, ","0"
"15","5",2p6,IV,,31,17,,"1"
"15","5",2p6,V,,43,29,,"0"
"15","5",2p6,VI,,52,38,"calculated, ","0"
"91","3",5f2,VI,,118,104,"estimated, ","0"
"91","4","6d1",VI,,104,90,"from r^3 vs V plots, ","0"
"91","4","6d1",VIII,,115,101,,"0"
"91","5",6p6,VI,,92,78,,"0"
"91","5",6p6,VIII,,105,91,,"0"
"91","5",6p6,IX,,109,95,,"0"
"82","2",6s2,IVPY,,112,98,"calculated, ","0"
"82","2",6s2,VI,,133,119,,"0"
"82","2",6s2,VII,,137,123,"calculated, ","0"
"82","2",6s2,VIII,,143,129,"calculated, ","0"
"82","2",6s2,IX,,149,135,"calculated, ","0"
"82","2",6s2,X,,154,140,"calculated, ","0"
"82","2",6s2,XI,,159,145,"calculated, ","0"
"82","2",6s2,XII,,163,149,,"0"
"82","4","5d10",IV,,79,65,"estimated, ","0"
"82","4","5d10",V,,87,73,"estimated, ","0"
"82","4","5d10",VI,,91.5,77.5,"from r^3 vs V plots, ","0"
"82","4","5d10",VIII,,108,94,"from r^3 vs V plots, ","0"
"46","1","4d9",II,,73,59,,"0"
"46","2","4d8",IVSQ,,78,64,,"0"
"46","2","4d8",VI,,100,86,,"0"
"46","3","4d7",VI,,90,76,,"0"
"46","4","4d6",VI,,75.5,61.5,"from r^3 vs V plots, ","0"
"61","3",4f4,VI,,111,97,"from r^3 vs V plots, ","0"
"61","3",4f4,VIII,,123.3,109.3,"from r^3 vs V plots, ","0"
"61","3",4f4,IX,,128.4,114.4,"from r^3 vs V plots, ","0"
"84","4",6s2,VI,,108,94,"from r^3 vs V plots, ","0"
"84","4",6s2,VIII,,122,108,"from r^3 vs V plots, ","0"
"84","6","5d10",VI,,81,67,"Ahrens (1952) ionic radius, ","0"
"59","3",4f2,VI,,113,99,"from r^3 vs V plots, ","0"
"59","3",4f2,VIII,,126.6,112.6,"from r^3 vs V plots, ","0"
"59","3",4f2,IX,,131.9,117.9,"from r^3 vs V plots, ","0"
"59","4",4f1,VI,,99,85,"from r^3 vs V plots, ","0"
"59","4",4f1,VIII,,110,96,"from r^3 vs V plots, ","0"
"78","2","5d8",IVSQ,,74,60,,"0"
"78","2","5d8",VI,,94,80,"Ahrens (1952) ionic radius, ","0"
"78","4","5d6",VI,,76.5,62.5,"from r^3 vs V plots, ","0"
"78","5","5d5",VI,,71,57,"estimated, from r^3 vs V plots, ","0"
"94","3",5f5,VI,,114,100,"from r^3 vs V plots, ","0"
"94","4",5f4,VI,,100,86,"from r^3 vs V plots, ","0"
"94","4",5f4,VIII,,110,96,,"0"
"94","5",5f3,VI,,88,74,"estimated, ","0"
"94","6",5f2,VI,,85,71,"from r^3 vs V plots, ","0"
"88","2",6p6,VIII,,162,148,"from r^3 vs V plots, ","0"
"88","2",6p6,XII,,184,170,"from r^3 vs V plots, ","0"
"37","1",4p6,VI,,166,152,,"0"
"37","1",4p6,VII,,170,156,,"0"
"37","1",4p6,VIII,,175,161,,"0"
"37","1",4p6,IX,,177,163,"estimated, ","0"
"37","1",4p6,X,,180,166,,"0"
"37","1",4p6,XI,,183,169,,"0"
"37","1",4p6,XII,,186,172,,"0"
"37","1",4p6,XIV,,197,183,,"0"
"75","4","5d3",VI,,77,63,"from r^3 vs V plots, from metallic oxides, ","0"
"75","5","5d2",VI,,72,58,"estimated, ","0"
"75","6","5d1",VI,,69,55,"estimated, ","0"
"75","7",5p6,IV,,52,38,,"0"
"75","7",5p6,VI,,67,53,,"0"
"45","3","4d6",VI,,80.5,66.5,"from r^3 vs V plots, ","0"
"45","4","4d5",VI,,74,60,"from r^3 vs V plots, from metallic oxides, ","0"
"45","5","4d4",VI,,69,55,,"0"
"44","3","4d5",VI,,82,68,,"0"
"44","4","4d4",VI,,76,62,"from r^3 vs V plots, from metallic oxides, ","0"
"44","5","4d3",VI,,70.5,56.5,"estimated, from r^3 vs V plots, ","0"
"44","7","4d1",IV,,52,38,,"0"
"44","8",4p6,IV,,50,36,,"0"
"16","-2",3p6,VI,,170,184,"Pauling's (1960) crystal radius, ","0"
"16","4",3s2,VI,,51,37,"Ahrens (1952) ionic radius, ","0"
"16","6",2p6,IV,,26,12,,"1"
"16","6",2p6,VI,,43,29,"calculated, ","0"
"51","3",5s2,IVPY,,90,76,,"0"
"51","3",5s2,V,,94,80,,"0"
"51","3",5s2,VI,,90,76,"Ahrens (1952) ionic radius, ","0"
"51","5","4d10",VI,,74,60,,"1"
"21","3",3p6,VI,,88.5,74.5,"from r^3 vs V plots, ","1"
"21","3",3p6,VIII,,101,87,"from r^3 vs V plots, ","1"
"34","-2",4p6,VI,,184,198,"Pauling's (1960) crystal radius, ","0"
"34","4",4s2,VI,,64,50,"Ahrens (1952) ionic radius, ","0"
"34","6","3d10",IV,,42,28,,"1"
"34","6","3d10",VI,,56,42,"calculated, ","0"
"14","4",2p6,IV,,40,26,,"1"
"14","4",2p6,VI,,54,40,"from r^3 vs V plots, ","1"
"62","2",4f6,VII,,136,122,,"0"
"62","2",4f6,VIII,,141,127,,"0"
"62","2",4f6,IX,,146,132,,"0"
"62","3",4f5,VI,,109.8,95.8,"from r^3 vs V plots, ","0"
"62","3",4f5,VII,,116,102,"estimated, ","0"
"62","3",4f5,VIII,,121.9,107.9,"from r^3 vs V plots, ","0"
"62","3",4f5,IX,,127.2,113.2,"from r^3 vs V plots, ","0"
"62","3",4f5,XII,,138,124,"calculated, ","0"
"50","4","4d10",IV,,69,55,"from r^3 vs V plots, ","0"
"50","4","4d10",V,,76,62,"calculated, ","0"
"50","4","4d10",VI,,83,69,"from r^3 vs V plots, ","1"
"50","4","4d10",VII,,89,75,,"0"
"50","4","4d10",VIII,,95,81,"calculated, ","0"
"38","2",4p6,VI,,132,118,,"0"
"38","2",4p6,VII,,135,121,,"0"
"38","2",4p6,VIII,,140,126,,"0"
"38","2",4p6,IX,,145,131,,"0"
"38","2",4p6,X,,150,136,"calculated, ","0"
"38","2",4p6,XII,,158,144,"calculated, ","0"
"73","3","5d2",VI,,86,72,"estimated, ","0"
"73","4","5d1",VI,,82,68,"estimated, ","0"
"73","5",5p6,VI,,78,64,,"0"
"73","5",5p6,VII,,83,69,,"0"
"73","5",5p6,VIII,,88,74,,"0"
"65","3",4f8,VI,,106.3,92.3,"from r^3 vs V plots, ","0"
"65","3",4f8,VII,,112,98,"estimated, ","0"
"65","3",4f8,VIII,,118,104,"from r^3 vs V plots, ","0"
"65","3",4f8,IX,,123.5,109.5,"from r^3 vs V plots, ","0"
"65","4",4f7,VI,,90,76,"from r^3 vs V plots, ","0"
"65","4",4f7,VIII,,102,88,,"0"
"43","4","4d3",VI,,78.5,64.5,"from r^3 vs V plots, from metallic oxides, ","0"
"43","5","4d2",VI,,74,60,"estimated, from r^3 vs V plots, ","0"
"43","7",4p6,IV,,51,37,,"0"
"43","7",4p6,VI,,70,56,"Ahrens (1952) ionic radius, ","0"
"52","-2",5p6,VI,,207,221,"Pauling's (1960) crystal radius, ","0"
"52","4",5s2,III,,66,52,,"0"
"52","4",5s2,IV,,80,66,,"0"
"52","4",5s2,VI,,111,97,,"0"
"52","6","4d10",IV,,57,43,"calculated, ","0"
"52","6","4d10",VI,,70,56,,"1"
"90","4",6p6,VI,,108,94,"calculated, ","0"
"90","4",6p6,VIII,,119,105,"from r^3 vs V plots, calculated, ","0"
"90","4",6p6,IX,,123,109,,"1"
"90","4",6p6,X,,127,113,"estimated, ","0"
"90","4",6p6,XI,,132,118,"calculated, ","0"
"90","4",6p6,XII,,135,121,"calculated, ","0"
"22","2","3d2",VI,,100,86,"estimated, ","0"
"22","3","3d1",VI,,81,67,"from r^3 vs V plots, ","1"
"22","4",3p6,IV,,56,42,"calculated, ","0"
"22","4",3p6,V,,65,51,"calculated, ","0"
"22","4",3p6,VI,,74.5,60.5,"from r^3 vs V plots, ","1"
"22","4",3p6,VIII,,88,74,"calculated, ","0"
"81","1",6s2,VI,,164,150,"from r^3 vs V plots, ","0"
"81","1",6s2,VIII,,173,159,"from r^3 vs V plots, ","0"
"81","1",6s2,XII,,184,170,"from r^3 vs V plots, estimated, ","0"
"81","3","5d10",IV,,89,75,,"0"
"81","3","5d10",VI,,102.5,88.5,"from r^3 vs V plots, ","0"
"81","3","5d10",VIII,,112,98,"calculated, ","0"
"69","2",4f13,VI,,117,103,,"0"
"69","2",4f13,VII,,123,109,,"0"
"69","3",4f12,VI,,102,88,"from r^3 vs V plots, ","0"
"69","3",4f12,VIII,,113.4,99.4,"from r^3 vs V plots, ","0"
"69","3",4f12,IX,,119.2,105.2,"from r^3 vs V plots, ","0"
"92","3",5f3,VI,,116.5,102.5,"from r^3 vs V plots, ","0"
"92","4",5f2,VI,,103,89,,"0"
"92","4",5f2,VII,,109,95,"estimated, ","0"
"92","4",5f2,VIII,,114,100,"from r^3 vs V plots, ","1"
"92","4",5f2,IX,,119,105,,"0"
"92","4",5f2,XII,,131,117,"estimated, ","0"
"92","5",5f1,VI,,90,76,,"0"
"92","5",5f1,VII,,98,84,"estimated, ","0"
"92","6",6p6,II,,59,45,,"0"
"92","6",6p6,IV,,66,52,,"0"
"92","6",6p6,VI,,87,73,,"1"
"92","6",6p6,VII,,95,81,"estimated, ","0"
"92","6",6p6,VIII,,100,86,,"0"
"23","2","3d3",VI,,93,79,,"0"
"23","3","3d2",VI,,78,64,"from r^3 vs V plots, ","1"
"23","4","3d1",V,,67,53,,"0"
"23","4","3d1",VI,,72,58,"from r^3 vs V plots, ","1"
"23","4","3d1",VIII,,86,72,"estimated, ","0"
"23","5",3p6,IV,,49.5,35.5,"from r^3 vs V plots, ","1"
"23","5",3p6,V,,60,46,,"1"
"23","5",3p6,VI,,68,54,,"0"
"74","4","5d2",VI,,80,66,"from r^3 vs V plots, from metallic oxides, ","0"
"74","5","5d1",VI,,76,62,"from r^3 vs V plots, ","0"
"74","6",5p6,IV,,56,42,,"1"
"74","6",5p6,V,,65,51,,"0"
"74","6",5p6,VI,,74,60,,"1"
"54","8","4d10",IV,,54,40,,"0"
"54","8","4d10",VI,,62,48,,"0"
"39","3",4p6,VI,,104,90,"from r^3 vs V plots, ","1"
"39","3",4p6,VII,,110,96,,"0"
"39","3",4p6,VIII,,115.9,101.9,"from r^3 vs V plots, ","1"
"39","3",4p6,IX,,121.5,107.5,"from r^3 vs V plots, ","0"
"70","2",4f14,VI,,116,102,,"0"
"70","2",4f14,VII,,122,108,"estimated, ","0"
"70","2",4f14,VIII,,128,114,,"0"
"70","3",4f13,VI,,100.8,86.8,"from r^3 vs V plots, ","1"
"70","3",4f13,VII,,106.5,92.5,"estimated, ","0"
"70","3",4f13,VIII,,112.5,98.5,"from r^3 vs V plots, ","0"
"70","3",4f13,IX,,118.2,104.2,"from r^3 vs V plots, ","0"
"30","2","3d10",IV,,74,60,,"1"
"30","2","3d10",V,,82,68,,"1"
"30","2","3d10",VI,,88,74,"from r^3 vs V plots, ","1"
"30","2","3d10",VIII,,104,90,"calculated, ","0"
"40","4",4p6,IV,,73,59,"from r^3 vs V plots, ","0"
"40","4",4p6,V,,80,66,"calculated, ","0"
"40","4",4p6,VI,,86,72,"from r^3 vs V plots, ","1"
"40","4",4p6,VII,,92,78,,"1"
"40","4",4p6,VIII,,98,84,,"1"
"40","4",4p6,IX,,103,89,,"0"
"89","3",,IX,,136,122,,
"90","3",,IX,,134.9,120.9,,
"91","3",,IX,,133.9,119.9,,
"92","3",,IX,,132.9,118.9,,
"93","3",,IX,,131.8,117.8,,
"94","3",,IX,,130.8,116.8,,
"95","3",,IX,,129.7,115.7,,
"96","3",,IX,,128.7,114.7,,
"97","3",,IX,,127.7,113.7,,
"98","3",,IX,,126.6,112.6,,
"99","3",,IX,,125.6,111.6,,
"100","3",,IX,,124.5,110.5,,
"101","3",,IX,,123.5,109.5,,
"102","3",,IX,,122.5,108.5,,
"103","3",,IX,,121.4,107.4,,
